type,mu,sigma
gics.011.i,0.225812246048,0.133031473236
