type,mu,sigma
gics.024.i,0.227433118797,0.173776794608
