type,mu,sigma
gics.011.e,0.223027608745,0.067998501903
