type,mu,sigma
gics.157.i,0.258382997886,0.203879594902
