type,mu,sigma
gics.068.i,0.231689306242,0.1817463684
