type,mu,sigma
gics.068.e,0.222664880232,0.103879144075
