type,mu,sigma
gics.157.e,0.223450643917,0.113539361617
