type,mu,sigma
gics.024.e,0.222276977181,0.0959767199912
