type,mu,sigma
hier.text_024.e,0.22551957418,0.101007509516
