type,mu,sigma
hier.text_024.i,0.223756040038,0.176652867719
