type,mu,sigma
hier.text_068.e,0.22536964245,0.108925182934
