type,mu,sigma
hier.text_011.e,0.227829249426,0.0900833610948
