type,mu,sigma
hier.text_157.e,0.225513215118,0.119443761175
