type,mu,sigma
hier.text_011.i,0.221216194811,0.164346083135
