type,mu,sigma
hier.text_068.i,0.235252620587,0.187757980211
