type,mu,sigma
hier.text_157.i,0.248113064131,0.200070262992
