type,mu,sigma
kmeans.text_011.e,0.224314766299,0.0902882762137
