type,mu,sigma
kmeans.text_157.e,0.225206856003,0.118600998966
