type,mu,sigma
kmeans.text_024.i,0.238019461761,0.180169073738
