type,mu,sigma
kmeans.text_068.i,0.231908175716,0.190387743138
