type,mu,sigma
kmeans.text_011.i,0.212394268967,0.1704393926
