type,mu,sigma
kmeans.text_068.e,0.225588677621,0.111352845508
