type,mu,sigma
kmeans.text_157.i,0.242008852311,0.193720932502
