type,mu,sigma
kmeans.text_024.e,0.22284112359,0.0991323113517
