type,mu,sigma
random.068.e,0.226254411878,0.0313856305746
