type,mu,sigma
random.011.e,0.227357357798,0.0137653553001
