type,mu,sigma
random.157.e,0.226230535222,0.0517333928535
