type,mu,sigma
random.068.i,0.185131068114,0.0667951653335
