type,mu,sigma
random.024.i,0.199497264493,0.054586853902
