type,mu,sigma
random.024.e,0.226683377509,0.0182119218135
