type,mu,sigma
random.157.i,0.171472588063,0.0839577890506
