type,mu,sigma
random.011.i,0.204916542721,0.0473649977399
